contract_id,ndc,distributor_id,contract_type,contract_price_per_pack,effective_date,expiration_date,gpo_name
CTR00006,93804-488-39,CAH,Direct,11.71,2024-01-01,2025-12-31,
CTR00009,25373-229-24,ABC,GPO,10.28,2024-01-01,2025-12-31,HealthTrust
CTR00015,36815-617-73,CAH,GPO,2.84,2024-01-01,2025-12-31,HealthTrust
CTR00016,36815-617-73,MCK,340B,1.3,2024-01-01,2025-12-31,
CTR00018,77158-699-84,MCK,340B,1.18,2024-01-01,2025-12-31,
CTR00019,77158-699-84,CAH,340B,1.3,2024-01-01,2025-12-31,
CTR00034,60063-448-33,CAH,340B,0.8,2024-01-01,2025-12-31,
CTR00043,74461-609-96,CAH,GPO,10032,2024-01-01,2025-12-31,Premier
CTR00046,28307-336-11,MCK,GPO,19464.3,2024-01-01,2025-12-31,Vizient
CTR00047,25440-367-99,CAH,Direct,38102.4,2024-01-01,2025-12-31,
CTR00048,31464-369-35,ABC,Prime Vendor,35380.8,2024-01-01,2025-12-31,
CTR00050,59899-705-80,CAH,340B,6237,2024-01-01,2025-12-31,
CTR00051,59899-705-80,MCK,340B,5481,2024-01-01,2025-12-31,
CTR00052,72186-828-29,CAH,GPO,14616,2024-01-01,2025-12-31,HealthTrust
CTR00053,26764-444-47,MCK,Prime Vendor,16296,2024-01-01,2025-12-31,
CTR00054,26764-444-47,CAH,GPO,15120,2024-01-01,2025-12-31,HealthTrust
CTR00055,16711-556-42,CAH,340B,3024,2024-01-01,2025-12-31,
CTR00056,77252-823-92,ABC,GPO,4118.4,2024-01-01,2025-12-31,Premier
CTR00059,90257-312-26,CAH,GPO,19188,2024-01-01,2025-12-31,Vizient
CTR00060,90257-312-26,MCK,Prime Vendor,22464,2024-01-01,2025-12-31,
CTR00061,57137-519-83,ABC,GPO,8.42,2024-01-01,2025-12-31,HealthTrust
CTR00062,74944-895-86,ABC,GPO,14.09,2024-01-01,2025-12-31,Vizient
CTR00067,25095-188-55,CAH,Prime Vendor,8.64,2024-01-01,2025-12-31,
CTR00083,50582-567-88,CAH,Direct,7.59,2024-01-01,2025-12-31,
CTR00084,50582-567-88,ABC,Prime Vendor,7.51,2024-01-01,2025-12-31,
CTR00101,87807-177-51,ABC,GPO,10.84,2024-01-01,2025-12-31,Premier
CTR00108,54246-425-51,CAH,Prime Vendor,3.2,2024-01-01,2025-12-31,
CTR00117,43925-318-87,CAH,Prime Vendor,17.41,2024-01-01,2025-12-31,
CTR00119,39879-392-11,MCK,340B,10.08,2024-01-01,2025-12-31,
CTR00120,42942-986-15,MCK,Direct,9.07,2024-01-01,2025-12-31,
CTR00122,85019-372-12,CAH,GPO,8.53,2024-01-01,2025-12-31,HealthTrust
CTR00123,69643-267-49,MCK,Prime Vendor,14.38,2024-01-01,2025-12-31,
CTR00124,58270-597-14,ABC,GPO,24.03,2024-01-01,2025-12-31,Premier
CTR00127,31628-407-85,ABC,GPO,11.53,2024-01-01,2025-12-31,HealthTrust
CTR00134,58181-179-41,MCK,Prime Vendor,13.51,2024-01-01,2025-12-31,
CTR00135,58181-179-41,CAH,GPO,13.22,2024-01-01,2025-12-31,Premier
CTR00138,73903-957-64,ABC,GPO,31.2,2024-01-01,2025-12-31,HealthTrust
CTR00139,73903-957-64,MCK,GPO,32.37,2024-01-01,2025-12-31,Vizient
CTR00144,91775-889-68,CAH,Direct,11.66,2024-01-01,2025-12-31,
CTR00146,83032-760-78,MCK,340B,1.17,2024-01-01,2025-12-31,
CTR00147,83032-760-78,CAH,GPO,2.37,2024-01-01,2025-12-31,Premier
CTR00154,26214-438-52,MCK,Prime Vendor,4.42,2024-01-01,2025-12-31,
CTR00155,26214-438-52,ABC,340B,1.99,2024-01-01,2025-12-31,
CTR00156,67719-320-26,MCK,GPO,14.76,2024-01-01,2025-12-31,Vizient
CTR00157,67719-320-26,CAH,GPO,15.84,2024-01-01,2025-12-31,Vizient
CTR00158,35915-204-43,CAH,Direct,2.79,2024-01-01,2025-12-31,
CTR00159,35915-204-43,MCK,GPO,2.45,2024-01-01,2025-12-31,Vizient
CTR00161,37035-873-18,ABC,GPO,1.4,2024-01-01,2025-12-31,HealthTrust
CTR00162,82443-922-16,MCK,GPO,12.64,2024-01-01,2025-12-31,Vizient
CTR00163,82443-922-16,CAH,Prime Vendor,15.07,2024-01-01,2025-12-31,
CTR00164,74214-798-49,MCK,GPO,4.59,2024-01-01,2025-12-31,Premier
CTR00167,70781-158-58,CAH,GPO,68.04,2024-01-01,2025-12-31,HealthTrust
CTR00168,70781-158-58,MCK,Prime Vendor,68.04,2024-01-01,2025-12-31,
CTR00172,34354-408-33,ABC,Prime Vendor,1.63,2024-01-01,2025-12-31,
CTR00173,94206-196-21,ABC,GPO,0.69,2024-01-01,2025-12-31,Vizient
CTR00179,81273-586-56,ABC,GPO,405.9,2024-01-01,2025-12-31,HealthTrust
CTR00180,81273-586-56,MCK,Direct,465.3,2024-01-01,2025-12-31,
CTR00181,67822-244-46,MCK,340B,41.25,2024-01-01,2025-12-31,
CTR00182,67822-244-46,ABC,340B,72.6,2024-01-01,2025-12-31,
CTR00189,92126-761-19,CAH,340B,258.72,2024-01-01,2025-12-31,
CTR00192,33113-534-54,MCK,GPO,1159.2,2024-01-01,2025-12-31,Vizient
CTR00193,30516-676-89,ABC,Direct,2811.06,2024-01-01,2025-12-31,
CTR00194,30516-676-89,MCK,GPO,2637.18,2024-01-01,2025-12-31,HealthTrust
CTR00195,66326-727-83,ABC,GPO,3962.7,2024-01-01,2025-12-31,Premier
CTR00204,72561-808-57,CAH,GPO,5.46,2024-01-01,2025-12-31,HealthTrust
CTR00205,72561-808-57,ABC,GPO,5.22,2024-01-01,2025-12-31,Premier
CTR00206,17441-245-97,MCK,Prime Vendor,1.61,2024-01-01,2025-12-31,
CTR00213,46128-701-32,CAH,Prime Vendor,337.56,2024-01-01,2025-12-31,
CTR00214,46128-701-32,MCK,GPO,309.72,2024-01-01,2025-12-31,Vizient
CTR00219,49292-930-42,ABC,Direct,104.29,2024-01-01,2025-12-31,
CTR00220,49292-930-42,MCK,Direct,104.29,2024-01-01,2025-12-31,
CTR00239,14061-448-12,MCK,GPO,1.81,2024-01-01,2025-12-31,HealthTrust
CTR00240,14061-448-12,CAH,Prime Vendor,2.04,2024-01-01,2025-12-31,
CTR00242,98669-903-28,CAH,Prime Vendor,4.03,2024-01-01,2025-12-31,
CTR00243,98669-903-28,MCK,340B,1.47,2024-01-01,2025-12-31,
CTR00255,25256-369-93,MCK,GPO,1.64,2024-01-01,2025-12-31,HealthTrust
CTR00256,25256-369-93,ABC,Prime Vendor,1.86,2024-01-01,2025-12-31,
CTR00268,81651-620-32,CAH,340B,13.86,2024-01-01,2025-12-31,
CTR00269,75142-666-42,ABC,GPO,6.45,2024-01-01,2025-12-31,Vizient
CTR00270,75142-666-42,MCK,GPO,6.45,2024-01-01,2025-12-31,HealthTrust
CTR00273,46260-667-32,CAH,340B,59.94,2024-01-01,2025-12-31,
CTR00274,46260-667-32,MCK,340B,63.18,2024-01-01,2025-12-31,
CTR00275,89730-565-25,MCK,GPO,49.14,2024-01-01,2025-12-31,Premier
CTR00276,89730-565-25,CAH,Direct,49.68,2024-01-01,2025-12-31,
CTR00277,87946-273-95,ABC,GPO,74820,2024-01-01,2025-12-31,Vizient
CTR00278,35925-784-33,ABC,Direct,237510,2024-01-01,2025-12-31,
CTR00279,35925-784-33,MCK,GPO,208800,2024-01-01,2025-12-31,HealthTrust
